station_id,twin,n,tmax_diff,tmin_diff
SP000004452,083300-99999,235.0,-0.298,0.003
SP000008181,081810-99999,235.0,0.333,0.301
SP000008202,082020-99999,234.0,0.214,-0.021
SP000008215,082150-99999,231.0,0.071,-0.133
SP000008280,082800-99999,235.0,0.273,0.435
SP000008410,084100-99999,235.0,0.134,-0.021
SP000009434,081600-99999,235.0,-0.052,0.057
SP000009981,082380-99999,235.0,0.4,-0.095
SP000060010,600100-99999,234.0,0.212,-0.415
SP000060040,600400-99999,235.0,0.469,0.104
SP000060338,603380-99999,235.0,0.444,0.494
SPE00119720,080020-99999,234.0,0.084,0.076
SPE00119729,080420-99999,234.0,-0.323,-0.053
SPE00119747,080800-99999,130.0,-0.009,0.143
SPE00119783,084870-99999,235.0,0.237,0.006
SPE00119855,083730-99999,235.0,0.091,-0.057
SPE00119864,083140-99999,235.0,-0.042,-0.042
SPE00119909,080750-99999,235.0,0.252,0.237
SPE00119918,082610-99999,232.0,-0.108,0.173
SPE00119945,084510-99999,233.0,0.257,-0.058
SPE00119981,080230-99999,232.0,-0.095,0.14
SPE00120062,082310-99999,235.0,0.237,-0.121
SPE00120089,084190-99999,220.0,0.204,-0.156
SPE00120107,082260-99999,228.0,-0.213,0.132
SPE00120125,082320-99999,234.0,0.126,-0.142
SPE00120143,083830-99999,231.0,0.214,-0.272
SPE00120152,083830-99999,221.0,-0.275,0.136
SPE00120170,084170-99999,132.0,0.283,-0.142
SPE00120197,600350-99999,234.0,-0.005,-0.075
SPE00120233,080530-99999,225.0,0.087,-0.247
SPE00120242,081710-99999,234.0,0.319,-0.114
SPE00120260,080080-99999,235.0,0.279,-0.154
SPE00120278,082210-99999,234.0,0.131,0.076
SPE00120323,084300-99999,235.0,0.214,-0.101
SPE00120332,084290-99999,235.0,0.465,0.315
SPE00120359,080850-99999,235.0,0.116,-0.092
SPE00120368,080480-99999,226.0,0.28,-0.345
SPE00120395,080440-99999,235.0,0.096,-0.134
SPE00120413,080450-99999,235.0,0.331,-0.053
SPE00120431,600010-99999,235.0,-0.372,-0.012
SPE00120458,600200-99999,230.0,0.234,-0.124
SPE00120467,600150-99999,233.0,-0.118,-0.036
SPE00120476,600250-99999,233.0,0.229,0.128
SPE00120512,083910-99999,235.0,0.271,0.28
SPE00120521,081480-99999,230.0,0.316,-0.21
SPE00120593,081410-99999,235.0,0.196,-0.116
SPE00120602,081400-99999,235.0,0.179,-0.113
SPE00120611,080250-99999,235.0,-0.163,-0.041
SPE00120620,081300-99999,234.0,0.098,-0.165
SPM00008359,083590-99999,213.0,-0.276,0.105
SPW00013025,084490-13025,234.0,-0.192,0.162
